Id;Name;StartDate;EndDate;Status;Error;Metrics
34272f45-dfe1-44a7-ba88-ba659464ad7a;PostTagProcessingJob;2026-04-14 10:58:21.657334+00;"";0;"";"
                Суммарное количество протегированных постов: 150
                Доля успешных обработок постов: 99.33%
                Доля постов с 2-4 тегами: 0.67%
                Доля постов с 1 тегом: 0.00%
                Доля сломанных постов (0 тегов): 0.00%
                Среднее время от появления поста до тегирования: 15.5 мин
                LLM запросов: 150
                (Временные метрики будут доступны после завершения)"
c53b0b8e-eefe-42e1-8ff9-211c5e056e45;PostMultipleCommentEmotionalAnalysisProcessingJob;2026-04-14 10:49:18.440362+00;"";0;"";"Суммарное количество обработанных постов: 60
Среднее количество комментариев на один пост: 10.00
Среднее время LLM запроса (мс): 2419.88
Суммарное время выполнения всех LLM-запросов (мс): 145193.00 мс
Общее количество выполненных LLM-запросов: 60"
"0918a6f7-6c04-4bf8-be2a-735557dfdb2a";ClusterCommentTrendProcessingJob;2026-04-14 10:43:07.685328+00;"";0;"";"Суммарное количество обработанных инфоповодов: 515
                    Всего проанализировано комментариев: 4182
                    Среднее количество комментариев на инфоповод: 8.12
                    Количество LLM запросов: 184
                    Суммарное время LLM: 465324 мс
                    Среднее время LLM запроса: 2528.9 мс
                    Доля пустых или слишком коротких трендов (<10 слов): 1.63%"
"05451668-c30b-4387-a833-0c01b2404a61";PostEmotionalAnalysisProcessingJob;2026-04-14 10:42:50.195434+00;"";0;"";""
fd119714-38d8-43a6-81bd-50960f069dfb;PostTagProcessingJob;2026-04-14 10:39:56.102494+00;2026-04-14 10:58:21.654319+00;1;"";"
            Суммарное количество протегированных постов: 1498
            Доля успешных обработок постов: 98.93%
            Доля постов с 2-4 тегами: 0.60%
            Доля постов с 1 тегом: 0.33%
            Доля сломанных постов (0 тегов): 0.13%
            Доля протегированных новых постов за два дня: 77.42%
            Среднее время от появления поста до тегирования: 30.1 мин
            БД:           1.02% / ( 11315 мс / 1521 запросов)
            OpenSearch:   0.29% / (  3155 мс /  69 запросов)
            LLM:         85.42% / (944321 мс / 1500 запросов)
            Среднее время LLM запроса: 629.5 мс"
b23ada87-1bef-4f9e-992b-45dd7ad97338;TelegramPostCommentTrendProcessingJob;2026-04-14 10:29:56.788797+00;"";0;"";""
"0475efa6-19cf-471c-9a19-2af31bb8ed06";ClusterCommentTrendProcessingJob;2026-04-14 10:24:38.330707+00;2026-04-14 10:43:07.532137+00;1;"";"Суммарное количество обработанных инфоповодов: 1000
                    Всего проанализировано комментариев: 8456
                    Среднее количество комментариев на инфоповод: 8.46
                    Количество LLM запросов: 395
                    Суммарное время LLM: 840659 мс
                    Среднее время LLM запроса: 2128.3 мс
                    Доля пустых или слишком коротких трендов (<10 слов): 3.04%"
8a5d7ed5-7b51-408f-ac0a-41e723d61c43;PostTagProcessingJob;2026-04-14 10:24:35.400178+00;2026-04-14 10:39:56.097181+00;1;"";"
            Суммарное количество протегированных постов: 1500
            Доля успешных обработок постов: 98.07%
            Доля постов с 2-4 тегами: 1.47%
            Доля постов с 1 тегом: 0.47%
            Доля сломанных постов (0 тегов): 0.00%
            Доля протегированных новых постов за два дня: 77.24%
            Среднее время от появления поста до тегирования: 23.6 мин
            БД:           1.21% / ( 11131 мс / 1521 запросов)
            OpenSearch:   0.34% / (  3105 мс /  69 запросов)
            LLM:         95.19% / (876392 мс / 1500 запросов)
            Среднее время LLM запроса: 584.3 мс"
accb94c2-b5d1-41ac-892e-6f7510732955;ClusterizationJob;2026-04-14 10:11:57.522468+00;2026-04-14 10:11:57.529271+00;1;"";""
153a6456-8050-4ac8-984a-321ed69e7fc6;PostTagProcessingJob;2026-04-14 10:07:41.832328+00;2026-04-14 10:24:35.395278+00;1;"";"
            Суммарное количество протегированных постов: 1500
            Доля успешных обработок постов: 98.27%
            Доля постов с 2-4 тегами: 1.07%
            Доля постов с 1 тегом: 0.67%
            Доля сломанных постов (0 тегов): 0.00%
            Доля протегированных новых постов за два дня: 77.01%
            Среднее время от появления поста до тегирования: 55.3 мин
            БД:           1.27% / ( 12851 мс / 1521 запросов)
            OpenSearch:   0.35% / (  3543 мс /  69 запросов)
            LLM:         95.61% / (969053 мс / 1500 запросов)
            Среднее время LLM запроса: 646.0 мс"
"02bd8483-52d7-46f5-988a-003e775076cc";ClusterMultipleCommentEmotionalAnalysisProcessingJob;2026-04-14 10:06:58.185587+00;"";0;"";"Суммарное количество обработанных инфоповодов: 1270
                        Среднее количество комментариев: 10.00
                        Среднее время LLM запроса: 2075.8 мс"
7814b802-da9e-4a15-86af-6ea4c6fff238;TelegramProcessingJob;2026-04-14 10:06:57.378319+00;"";0;"";"Количество активных источников для сбора: 7 269
Количество полностью обработанных источников: 5 843
Количество источников к которым было подключение: 5 846
Общее количество использованных аккаунтов: 77
Суммарное количество новых постов: 5 266
Суммарное количество всех постов: 205 814
Суммарное количество смен прокси: 2
Количество уникальных прокси: 2
Среднее количество источников на один прокси: 5 337,5
Медианный пинг прокси: 4 мс
Доля источников со сменой прокси: 0,0%"
3f26c622-9d67-453b-8d3c-af8f6a77a38d;ClusterCommentTrendProcessingJob;2026-04-14 10:04:25.437016+00;2026-04-14 10:24:38.250573+00;1;"";"Суммарное количество обработанных инфоповодов: 1000
                    Всего проанализировано комментариев: 8451
                    Среднее количество комментариев на инфоповод: 8.45
                    Количество LLM запросов: 395
                    Суммарное время LLM: 1080597 мс
                    Среднее время LLM запроса: 2735.7 мс
                    Доля пустых или слишком коротких трендов (<10 слов): 1.52%"
"030eeaa5-dc21-4315-88a8-398a1f30baaf";ClusterizationJob;2026-04-14 09:51:57.498948+00;2026-04-14 09:51:57.506158+00;1;"";""
b0b2522e-13ee-46ac-b96b-e7f70e2b693a;PostEmotionalAnalysisProcessingJob;2026-04-14 09:50:12.361036+00;2026-04-14 10:42:50.163286+00;1;"";"Суммарное количество обработанных постов: 1500
                            Доля постов с очень коротким текстом (<5 слов): 503 (33.53%)
                            Среднее время LLM запроса: 1790.2 мс
                            Суммарное время всех LLM запросов: 2685286 мс
                            Общее количество LLM запросов: 1500"
18061a84-97c9-4df7-a044-1172f915cef6;PostTagProcessingJob;2026-04-14 09:48:34.353426+00;2026-04-14 10:07:41.819835+00;1;"";"
            Суммарное количество протегированных постов: 1500
            Доля успешных обработок постов: 98.27%
            Доля постов с 2-4 тегами: 1.40%
            Доля постов с 1 тегом: 0.33%
            Доля сломанных постов (0 тегов): 0.00%
            Доля протегированных новых постов за два дня: 77.17%
            Среднее время от появления поста до тегирования: 43.5 мин
            БД:           1.13% / ( 12933 мс / 1521 запросов)
            OpenSearch:   0.26% / (  2987 мс /  69 запросов)
            LLM:         96.02% / (1101757 мс / 1500 запросов)
            Среднее время LLM запроса: 734.5 мс"
f982c3d2-671a-4f36-af3d-ea7541bc210c;ClusterCommentTrendProcessingJob;2026-04-14 09:44:06.030411+00;2026-04-14 10:04:25.252667+00;1;"";"Суммарное количество обработанных инфоповодов: 1000
                    Всего проанализировано комментариев: 8451
                    Среднее количество комментариев на инфоповод: 8.45
                    Количество LLM запросов: 395
                    Суммарное время LLM: 990930 мс
                    Среднее время LLM запроса: 2508.7 мс
                    Доля пустых или слишком коротких трендов (<10 слов): 1.77%"
857f56f3-b3a6-4270-a67b-a3371d5034a9;TelegramPostOpenSearchIndexationJob;2026-04-14 09:37:27.478277+00;"";0;"";""
d503ed15-1835-4a9d-b203-3e2cad8b2fd6;PostTagProcessingJob;2026-04-14 09:32:29.228636+00;2026-04-14 09:48:34.350081+00;1;"";"
            Суммарное количество протегированных постов: 1499
            Доля успешных обработок постов: 98.47%
            Доля постов с 2-4 тегами: 1.07%
            Доля постов с 1 тегом: 0.40%
            Доля сломанных постов (0 тегов): 0.07%
            Доля протегированных новых постов за два дня: 76.33%
            Среднее время от появления поста до тегирования: 24.8 мин
            БД:           1.48% / ( 14270 мс / 1521 запросов)
            OpenSearch:   0.35% / (  3361 мс /  69 запросов)
            LLM:         94.42% / (911282 мс / 1500 запросов)
            Среднее время LLM запроса: 607.5 мс"
d4722753-5318-42b8-91d4-eb004ad75d15;ClusterizationJob;2026-04-14 09:31:57.464559+00;2026-04-14 09:31:57.470753+00;1;"";""
"043f58c9-d57b-4493-af55-e3f61062dee6";ClusterCommentTrendProcessingJob;2026-04-14 09:21:47.927428+00;2026-04-14 09:44:05.900424+00;1;"";"Суммарное количество обработанных инфоповодов: 1000
                    Всего проанализировано комментариев: 8451
                    Среднее количество комментариев на инфоповод: 8.45
                    Количество LLM запросов: 395
                    Суммарное время LLM: 1069600 мс
                    Среднее время LLM запроса: 2707.8 мс
                    Доля пустых или слишком коротких трендов (<10 слов): 2.53%"
256c1bae-9942-4306-9bb8-47c8d598331f;PostTagProcessingJob;2026-04-14 09:15:32.95622+00;2026-04-14 09:32:29.224858+00;1;"";"
            Суммарное количество протегированных постов: 1500
            Доля успешных обработок постов: 98.40%
            Доля постов с 2-4 тегами: 1.20%
            Доля постов с 1 тегом: 0.40%
            Доля сломанных постов (0 тегов): 0.00%
            Доля протегированных новых постов за два дня: 75.43%
            Среднее время от появления поста до тегирования: 25.6 мин
            БД:           1.29% / ( 13158 мс / 1521 запросов)
            OpenSearch:   0.32% / (  3302 мс /  69 запросов)
            LLM:         94.90% / (964421 мс / 1500 запросов)
            Среднее время LLM запроса: 642.9 мс"
70da35e0-759f-4363-b336-f722ba226632;ClusterizationJob;2026-04-14 09:11:57.510341+00;2026-04-14 09:11:57.523468+00;1;"";""
a4e707d8-b8c6-47a1-9eac-8cfd39ea83bd;TelegramProcessingJob;2026-04-14 09:06:57.378273+00;2026-04-14 09:33:46.315036+00;1;"";"Количество активных источников для сбора: 7 269
Количество полностью обработанных источников: 6 260
Количество источников к которым было подключение: 6 258
Общее количество использованных аккаунтов: 145
Суммарное количество новых постов: 5 407
Суммарное количество всех постов: 223 093
Суммарное количество смен прокси: 15
Количество уникальных прокси: 4
Среднее количество источников на один прокси: 2 033,5
Медианный пинг прокси: 4 мс
Доля источников со сменой прокси: 0,0%"
9e83e30b-95bf-4cab-b239-cd2e643d9f44;PostMultipleCommentEmotionalAnalysisProcessingJob;2026-04-14 09:03:52.195257+00;2026-04-14 10:49:18.123601+00;1;"";"Суммарное количество обработанных постов: 2469
Среднее количество комментариев на один пост: 10.00
Среднее время LLM запроса (мс): 2230.88
Суммарное время выполнения всех LLM-запросов (мс): 5508035.00 мс
Общее количество выполненных LLM-запросов: 2469"
d09197cb-5d02-4329-9904-628d56458b97;ClusterCommentTrendProcessingJob;2026-04-14 09:03:37.406896+00;2026-04-14 09:21:47.807911+00;1;"";"Суммарное количество обработанных инфоповодов: 1000
                    Всего проанализировано комментариев: 8441
                    Среднее количество комментариев на инфоповод: 8.44
                    Количество LLM запросов: 395
                    Суммарное время LLM: 978537 мс
                    Среднее время LLM запроса: 2477.3 мс
                    Доля пустых или слишком коротких трендов (<10 слов): 3.04%"
bf0d99ec-0024-4b43-bcae-e86b12b27c0b;PostEmotionalAnalysisProcessingJob;2026-04-14 09:01:03.516311+00;2026-04-14 09:50:12.335757+00;1;"";"Суммарное количество обработанных постов: 1500
                            Доля постов с очень коротким текстом (<5 слов): 433 (28.87%)
                            Среднее время LLM запроса: 1918.1 мс
                            Суммарное время всех LLM запросов: 2877187 мс
                            Общее количество LLM запросов: 1500"
edd739a8-80c9-4c43-acee-f4cc2edafa54;PostTagProcessingJob;2026-04-14 08:59:28.258819+00;2026-04-14 09:15:32.948829+00;1;"";"
            Суммарное количество протегированных постов: 1500
            Доля успешных обработок постов: 98.80%
            Доля постов с 2-4 тегами: 0.93%
            Доля постов с 1 тегом: 0.27%
            Доля сломанных постов (0 тегов): 0.00%
            Доля протегированных новых постов за два дня: 76.40%
            Среднее время от появления поста до тегирования: 50.4 мин
            БД:           1.48% / ( 14274 мс / 1521 запросов)
            OpenSearch:   0.31% / (  3028 мс /  69 запросов)
            LLM:         96.12% / (927263 мс / 1500 запросов)
            Среднее время LLM запроса: 618.2 мс"
169ee846-4dc8-427e-bc15-5108231623b5;TelegramPostCommentTrendProcessingJob;2026-04-14 08:52:50.072814+00;2026-04-14 10:29:56.581362+00;1;"";"Суммарное количество обработанных постов: 1986
                    Среднее количество комментариев на один пост: 7.42
                    Общее количество постов для всех отслеживаний:346048
                    Доля пустых или слишком коротких трендов (<10 слов): 57 (2.87%)
                    Среднее время LLM запроса: 2560.4 мс
                    Суммарное время всех LLM запросов: 5084952 мс
                    Общее количество LLM запросов: 1986"
b9b39fb7-1fe0-4cc3-bc3d-324ba639e638;ClusterizationJob;2026-04-14 08:51:57.51893+00;2026-04-14 08:51:57.524937+00;1;"";""
750c41ba-1faa-4e5d-bfc6-328815657165;ClusterCommentTrendProcessingJob;2026-04-14 08:45:11.043877+00;2026-04-14 09:03:37.260499+00;1;"";"Суммарное количество обработанных инфоповодов: 1000
                    Всего проанализировано комментариев: 8441
                    Среднее количество комментариев на инфоповод: 8.44
                    Количество LLM запросов: 395
                    Суммарное время LLM: 856850 мс
                    Среднее время LLM запроса: 2169.2 мс
                    Доля пустых или слишком коротких трендов (<10 слов): 1.77%"
b595b462-cfa8-4f6f-991e-53bbe68b1de5;PostTagProcessingJob;2026-04-14 08:44:26.785502+00;2026-04-14 08:59:28.254533+00;1;"";"
            Суммарное количество протегированных постов: 1500
            Доля успешных обработок постов: 98.60%
            Доля постов с 2-4 тегами: 1.07%
            Доля постов с 1 тегом: 0.33%
            Доля сломанных постов (0 тегов): 0.00%
            Доля протегированных новых постов за два дня: 76.28%
            Среднее время от появления поста до тегирования: 33.2 мин
            БД:           1.24% / ( 11192 мс / 1521 запросов)
            OpenSearch:   0.33% / (  2969 мс /  69 запросов)
            LLM:         96.82% / (872752 мс / 1500 запросов)
            Среднее время LLM запроса: 581.8 мс"
e7578cf5-c52c-4876-ab09-141d67c51cab;PostTagProcessingJob;2026-04-14 08:28:43.568993+00;2026-04-14 08:44:26.782315+00;1;"";"
            Суммарное количество протегированных постов: 1499
            Доля успешных обработок постов: 98.33%
            Доля постов с 2-4 тегами: 1.13%
            Доля постов с 1 тегом: 0.47%
            Доля сломанных постов (0 тегов): 0.07%
            Доля протегированных новых постов за два дня: 75.34%
            Среднее время от появления поста до тегирования: 23.1 мин
            БД:           1.46% / ( 13752 мс / 1521 запросов)
            OpenSearch:   0.35% / (  3318 мс /  69 запросов)
            LLM:         96.44% / (909588 мс / 1500 запросов)
            Среднее время LLM запроса: 606.4 мс"
f3886edd-d19d-4f25-bfb1-57f6717d038d;ClusterCommentTrendProcessingJob;2026-04-14 08:22:42.029352+00;2026-04-14 08:45:10.887773+00;1;"";"Суммарное количество обработанных инфоповодов: 1000
                    Всего проанализировано комментариев: 8441
                    Среднее количество комментариев на инфоповод: 8.44
                    Количество LLM запросов: 395
                    Суммарное время LLM: 1016718 мс
                    Среднее время LLM запроса: 2574.0 мс
                    Доля пустых или слишком коротких трендов (<10 слов): 1.77%"
1d4c94ee-4c42-4aee-b28f-2a650c2d9915;PostTagProcessingJob;2026-04-14 08:12:01.046353+00;2026-04-14 08:28:43.56539+00;1;"";"
            Суммарное количество протегированных постов: 1500
            Доля успешных обработок постов: 98.33%
            Доля постов с 2-4 тегами: 1.27%
            Доля постов с 1 тегом: 0.40%
            Доля сломанных постов (0 тегов): 0.00%
            Доля протегированных новых постов за два дня: 75.06%
            Среднее время от появления поста до тегирования: 41.0 мин
            БД:           1.48% / ( 14883 мс / 1521 запросов)
            OpenSearch:   0.33% / (  3306 мс /  69 запросов)
            LLM:         92.88% / (931103 мс / 1500 запросов)
            Среднее время LLM запроса: 620.7 мс"
b3854765-9423-481f-97bd-49b79da08344;ClusterizationJob;2026-04-14 08:11:57.537097+00;2026-04-14 08:11:57.5525+00;1;"";""
2738d640-00db-4600-a444-ad9d01c22b40;PostEmotionalAnalysisProcessingJob;2026-04-14 08:11:39.075916+00;2026-04-14 09:01:03.489019+00;1;"";"Суммарное количество обработанных постов: 1500
                            Доля постов с очень коротким текстом (<5 слов): 334 (22.27%)
                            Среднее время LLM запроса: 1923.8 мс
                            Суммарное время всех LLM запросов: 2885655 мс
                            Общее количество LLM запросов: 1500"
fa7f991a-6f04-4589-9842-79088a0c8ded;ClusterMultipleCommentEmotionalAnalysisProcessingJob;2026-04-14 08:06:57.510638+00;2026-04-14 09:51:58.09806+00;1;"";"Суммарное количество обработанных инфоповодов: 2268
                        Среднее количество комментариев: 10.00
                        Среднее время LLM запроса: 2282.6 мс"
dab38cdb-3944-48cd-9482-dc39bfa6e305;TelegramProcessingJob;2026-04-14 08:06:57.378235+00;2026-04-14 08:38:49.618392+00;1;"";"Количество активных источников для сбора: 7 269
Количество полностью обработанных источников: 6 883
Количество источников к которым было подключение: 6 881
Общее количество использованных аккаунтов: 178
Суммарное количество новых постов: 5 597
Суммарное количество всех постов: 240 354
Суммарное количество смен прокси: 76
Количество уникальных прокси: 4
Среднее количество источников на один прокси: 1 834,2
Медианный пинг прокси: 4 мс
Доля источников со сменой прокси: 0,1%"
b5c4494f-a596-4ed7-aec3-a9dcbdf46664;ClusterCommentTrendProcessingJob;2026-04-14 08:02:48.997139+00;2026-04-14 08:22:41.928659+00;1;"";"Суммарное количество обработанных инфоповодов: 1000
                    Всего проанализировано комментариев: 8438
                    Среднее количество комментариев на инфоповод: 8.44
                    Количество LLM запросов: 395
                    Суммарное время LLM: 1063986 мс
                    Среднее время LLM запроса: 2693.6 мс
                    Доля пустых или слишком коротких трендов (<10 слов): 2.78%"
89b54ad4-7bad-4672-a666-c64eaceab3bc;ClusterizationJob;2026-04-14 07:51:57.466449+00;2026-04-14 07:51:57.476548+00;1;"";""
1f8781fb-56ef-4f38-986d-0cc671b51df1;PostTagProcessingJob;2026-04-14 07:44:00.748706+00;2026-04-14 08:12:00.969698+00;1;"";"
            Суммарное количество протегированных постов: 1500
            Доля успешных обработок постов: 98.60%
            Доля постов с 2-4 тегами: 1.20%
            Доля постов с 1 тегом: 0.20%
            Доля сломанных постов (0 тегов): 0.00%
            Доля протегированных новых постов за два дня: 75.89%
            Среднее время от появления поста до тегирования: 42.8 мин
            БД:           0.92% / ( 15391 мс / 1521 запросов)
            OpenSearch:   0.18% / (  2982 мс /  69 запросов)
            LLM:         98.13% / (1648857 мс / 1500 запросов)
            Среднее время LLM запроса: 1099.2 мс"
d6286be5-61dc-4b7e-b0c2-d133ec80d03b;PostMultipleCommentEmotionalAnalysisProcessingJob;2026-04-14 07:36:57.455748+00;2026-04-14 09:03:51.94348+00;1;"";"Суммарное количество обработанных постов: 1989
Среднее количество комментариев на один пост: 10.00
Среднее время LLM запроса (мс): 2385.60
Суммарное время выполнения всех LLM-запросов (мс): 4744962.00 мс
Общее количество выполненных LLM-запросов: 1989"
4440af06-60f9-47c2-889b-b8a5a8fe3fc7;ClusterCommentTrendProcessingJob;2026-04-14 07:36:57.391659+00;2026-04-14 08:02:48.796258+00;1;"";"Суммарное количество обработанных инфоповодов: 1000
                    Всего проанализировано комментариев: 8438
                    Среднее количество комментариев на инфоповод: 8.44
                    Количество LLM запросов: 395
                    Суммарное время LLM: 955400 мс
                    Среднее время LLM запроса: 2418.7 мс
                    Доля пустых или слишком коротких трендов (<10 слов): 2.28%"
66e90414-a61b-408a-b0f5-44e85e3738e7;ClusterizationJob;2026-04-14 07:31:57.378671+00;2026-04-14 07:31:57.396645+00;1;"";""
9510e433-c371-4321-9389-c66fd7d1e51d;PostTagProcessingJob;2026-04-14 07:23:41.411328+00;2026-04-14 07:44:00.740732+00;1;"";"
            Суммарное количество протегированных постов: 1500
            Доля успешных обработок постов: 98.20%
            Доля постов с 2-4 тегами: 1.13%
            Доля постов с 1 тегом: 0.67%
            Доля сломанных постов (0 тегов): 0.00%
            Доля протегированных новых постов за два дня: 75.36%
            Среднее время от появления поста до тегирования: 33.4 мин
            БД:           1.97% / ( 24029 мс / 1521 запросов)
            OpenSearch:   0.29% / (  3490 мс /  69 запросов)
            LLM:         84.63% / (1031955 мс / 1500 запросов)
            Среднее время LLM запроса: 688.0 мс"
5dd57d46-736f-4d3c-b33f-7da5c4845114;PostEmotionalAnalysisProcessingJob;2026-04-14 07:16:57.438576+00;2026-04-14 08:11:39.045325+00;1;"";"Суммарное количество обработанных постов: 1500
                            Доля постов с очень коротким текстом (<5 слов): 360 (24.00%)
                            Среднее время LLM запроса: 2136.4 мс
                            Суммарное время всех LLM запросов: 3204627 мс
                            Общее количество LLM запросов: 1500"
ce67e2fb-5977-499b-bee4-054017ac6fe2;TelegramPostCommentTrendProcessingJob;2026-04-14 07:16:57.394373+00;2026-04-14 08:52:49.89632+00;1;"";"Суммарное количество обработанных постов: 1986
                    Среднее количество комментариев на один пост: 6.76
                    Общее количество постов для всех отслеживаний:346048
                    Доля пустых или слишком коротких трендов (<10 слов): 61 (3.07%)
                    Среднее время LLM запроса: 2519.6 мс
                    Суммарное время всех LLM запросов: 5003951 мс
                    Общее количество LLM запросов: 1986"
"071476a4-c282-4e1f-8619-94b812b729f0";PostTagProcessingJob;2026-04-14 07:11:57.383629+00;2026-04-14 07:23:41.398721+00;1;"";"
            Суммарное количество протегированных постов: 1500
            Доля успешных обработок постов: 98.13%
            Доля постов с 2-4 тегами: 1.73%
            Доля постов с 1 тегом: 0.13%
            Доля сломанных постов (0 тегов): 0.00%
            Доля протегированных новых постов за два дня: 75.32%
            Среднее время от появления поста до тегирования: 25.5 мин
            БД:           2.06% / ( 14523 мс / 1521 запросов)
            OpenSearch:   0.70% / (  4925 мс /  69 запросов)
            LLM:         79.63% / (560575 мс / 1500 запросов)
            Среднее время LLM запроса: 373.7 мс"
3618b35e-b035-4516-a793-b6595ca02e77;ClusterizationJob;2026-04-14 07:11:57.38305+00;2026-04-14 07:11:57.415185+00;1;"";""
982c49b7-cd67-48be-a7a8-7704b0f809ff;TelegramPostOpenSearchIndexationJob;2026-04-14 07:07:27.397497+00;2026-04-14 09:12:07.504169+00;1;"";Суммарное количество обработанных постов: 257503
4eba4f27-a3e9-4fcf-896a-0af051eab373;TelegramProcessingJob;2026-04-14 07:07:00.126798+00;2026-04-14 07:36:40.0437+00;1;"";"Количество активных источников для сбора: 7 269
Количество полностью обработанных источников: 6 928
Количество источников к которым было подключение: 6 927
Общее количество использованных аккаунтов: 151
Суммарное количество новых постов: 3 096
Суммарное количество всех постов: 239 971
Суммарное количество смен прокси: 76
Количество уникальных прокси: 4
Среднее количество источников на один прокси: 1 819,5
Медианный пинг прокси: 4 мс
Доля источников со сменой прокси: 0,1%"
73c41cf3-1775-49c2-9aff-91c3265f0081;PostTagProcessingJob;2026-04-14 06:51:43.713333+00;2026-04-14 07:06:59.023378+00;3;Остановка приложения;"
                Суммарное количество протегированных постов: 750
                Доля успешных обработок постов: 99.20%
                Доля постов с 2-4 тегами: 0.67%
                Доля постов с 1 тегом: 0.13%
                Доля сломанных постов (0 тегов): 0.00%
                Среднее время от появления поста до тегирования: 21.8 мин
                LLM запросов: 750
                (Временные метрики будут доступны после завершения)"
24cfba25-5d2c-4b52-903e-97884bfcbc33;ClusterCommentTrendProcessingJob;2026-04-14 06:45:17.671938+00;2026-04-14 07:06:59.023378+00;3;Остановка приложения;"Суммарное количество обработанных инфоповодов: 965
                    Всего проанализировано комментариев: 8118
                    Среднее количество комментариев на инфоповод: 8.41
                    Количество LLM запросов: 379
                    Суммарное время LLM: 1123783 мс
                    Среднее время LLM запроса: 2965.1 мс
                    Доля пустых или слишком коротких трендов (<10 слов): 2.11%"
e9870a71-97e0-4b37-b1b0-36b0df6a9546;TelegramProcessingJob;2026-04-14 06:38:43.579118+00;2026-04-14 07:06:59.023378+00;3;Остановка приложения;"Количество активных источников для сбора: 6 922
Количество полностью обработанных источников: 6 889
Количество источников к которым было подключение: 6 890
Общее количество использованных аккаунтов: 156
Суммарное количество новых постов: 4 632
Суммарное количество всех постов: 238 293
Суммарное количество смен прокси: 0
Количество уникальных прокси: 0
Среднее количество источников на один прокси: 0,0
Медианный пинг прокси: 0 мс
Доля источников со сменой прокси: 0,0%"
684cdf0e-6070-45d5-a3ab-cb498a6eb1f9;PostMultipleCommentEmotionalAnalysisProcessingJob;2026-04-14 06:35:27.076555+00;2026-04-14 07:06:59.023378+00;3;Остановка приложения;"Суммарное количество обработанных постов: 225
Среднее количество комментариев на один пост: 10.00
Среднее время LLM запроса (мс): 2726.96
Суммарное время выполнения всех LLM-запросов (мс): 613566.00 мс
Общее количество выполненных LLM-запросов: 225"
97ecad6c-96a8-42c0-9a05-7effbdd1a777;PostEmotionalAnalysisProcessingJob;2026-04-14 06:30:52.041266+00;2026-04-14 07:06:59.023378+00;3;Остановка приложения;""
b7086a25-c232-4595-9e4a-ccc6c1b9422b;ClusterCommentTrendProcessingJob;2026-04-14 06:25:38.274654+00;2026-04-14 06:45:17.562445+00;1;"";"Суммарное количество обработанных инфоповодов: 1000
                    Всего проанализировано комментариев: 8421
                    Среднее количество комментариев на инфоповод: 8.42
                    Количество LLM запросов: 395
                    Суммарное время LLM: 1083156 мс
                    Среднее время LLM запроса: 2742.2 мс
                    Доля пустых или слишком коротких трендов (<10 слов): 2.28%"
"02ee8f54-2840-4c02-989d-a8dd64de181e";PostTagProcessingJob;2026-04-14 06:24:11.294458+00;2026-04-14 06:51:43.708671+00;1;"";"
            Суммарное количество протегированных постов: 1500
            Доля успешных обработок постов: 98.07%
            Доля постов с 2-4 тегами: 1.27%
            Доля постов с 1 тегом: 0.67%
            Доля сломанных постов (0 тегов): 0.00%
            Доля протегированных новых постов за два дня: 0.00%
            Среднее время от появления поста до тегирования: 7.2 ч
            БД:           0.75% / ( 12333 мс / 1521 запросов)
            OpenSearch:   0.19% / (  3157 мс /  69 запросов)
            LLM:         94.63% / (1563665 мс / 1500 запросов)
            Среднее время LLM запроса: 1042.4 мс"
bd2670bc-d3bb-4af2-ac5a-69f2f5dbee22;ClusterMultipleCommentEmotionalAnalysisProcessingJob;2026-04-14 06:21:41.223167+00;2026-04-14 07:06:59.023378+00;3;Остановка приложения;"Суммарное количество обработанных инфоповодов: 1040
                        Среднее количество комментариев: 10.00
                        Среднее время LLM запроса: 2427.2 мс"
88eda7ec-38c2-4b5c-90fa-38a1b32d81e1;TelegramPostCommentTrendProcessingJob;2026-04-14 06:16:59.566749+00;2026-04-14 07:06:59.023378+00;3;Остановка приложения;""
336e9366-6bdb-4f75-8eb4-0229cef3d5c3;PostTagProcessingJob;2026-04-14 06:09:34.947625+00;2026-04-14 06:24:11.261717+00;1;"";"
            Суммарное количество протегированных постов: 1500
            Доля успешных обработок постов: 98.67%
            Доля постов с 2-4 тегами: 1.20%
            Доля постов с 1 тегом: 0.13%
            Доля сломанных постов (0 тегов): 0.00%
            Доля протегированных новых постов за два дня: 0.00%
            Среднее время от появления поста до тегирования: 25.7 мин
            БД:           1.39% / ( 12193 мс / 1521 запросов)
            OpenSearch:   0.34% / (  3019 мс /  69 запросов)
            LLM:         95.09% / (833290 мс / 1500 запросов)
            Среднее время LLM запроса: 555.5 мс"
af21ac52-5665-432d-8312-30c94b2c4b52;ClusterCommentTrendProcessingJob;2026-04-14 06:07:19.957541+00;2026-04-14 06:25:38.022626+00;1;"";"Суммарное количество обработанных инфоповодов: 1000
                    Всего проанализировано комментариев: 8419
                    Среднее количество комментариев на инфоповод: 8.42
                    Количество LLM запросов: 395
                    Суммарное время LLM: 787748 мс
                    Среднее время LLM запроса: 1994.3 мс
                    Доля пустых или слишком коротких трендов (<10 слов): 2.53%"
8b4cdb8d-6736-4e0c-a4ed-663cb920a219;PostTagProcessingJob;2026-04-14 05:52:58.182771+00;2026-04-14 06:09:34.944708+00;1;"";"
            Суммарное количество протегированных постов: 1500
            Доля успешных обработок постов: 97.33%
            Доля постов с 2-4 тегами: 1.67%
            Доля постов с 1 тегом: 1.00%
            Доля сломанных постов (0 тегов): 0.00%
            Доля протегированных новых постов за два дня: 0.00%
            Среднее время от появления поста до тегирования: 23.2 мин
            БД:           1.41% / ( 14064 мс / 1521 запросов)
            OpenSearch:   0.32% / (  3140 мс /  69 запросов)
            LLM:         95.39% / (950770 мс / 1500 запросов)
            Среднее время LLM запроса: 633.8 мс"
4368a9a9-0091-436d-97d1-64d085f66774;PostMultipleCommentEmotionalAnalysisProcessingJob;2026-04-14 05:48:57.142578+00;2026-04-14 06:35:26.949318+00;1;"";"Суммарное количество обработанных постов: 1271
Среднее количество комментариев на один пост: 10.00
Среднее время LLM запроса (мс): 2094.46
Суммарное время выполнения всех LLM-запросов (мс): 2662058.00 мс
Общее количество выполненных LLM-запросов: 1271"
"0a9c4cea-7746-4c2a-bf3e-559fc49c8546";ClusterCommentTrendProcessingJob;2026-04-14 05:46:22.953594+00;2026-04-14 06:07:19.846897+00;1;"";"Суммарное количество обработанных инфоповодов: 1000
                    Всего проанализировано комментариев: 8418
                    Среднее количество комментариев на инфоповод: 8.42
                    Количество LLM запросов: 395
                    Суммарное время LLM: 1037835 мс
                    Среднее время LLM запроса: 2627.4 мс
                    Доля пустых или слишком коротких трендов (<10 слов): 1.77%"
68df555c-ef07-474e-9bbf-eb6bcf54e6fa;PostEmotionalAnalysisProcessingJob;2026-04-14 05:43:40.626375+00;2026-04-14 06:30:52.005447+00;1;"";"Суммарное количество обработанных постов: 1500
                            Доля постов с очень коротким текстом (<5 слов): 400 (26.67%)
                            Среднее время LLM запроса: 1836.5 мс
                            Суммарное время всех LLM запросов: 2754698 мс
                            Общее количество LLM запросов: 1500"
25522bd9-ad5c-4655-bf3c-80bda0d39045;TelegramProcessingJob;2026-04-14 05:38:43.56534+00;2026-04-14 06:07:05.63374+00;1;"";"Количество активных источников для сбора: 6 928
Количество полностью обработанных источников: 6 898
Количество источников к которым было подключение: 6 897
Общее количество использованных аккаунтов: 131
Суммарное количество новых постов: 3 759
Суммарное количество всех постов: 237 242
Суммарное количество смен прокси: 0
Количество уникальных прокси: 0
Среднее количество источников на один прокси: 0,0
Медианный пинг прокси: 0 мс
Доля источников со сменой прокси: 0,0%"
20c572dc-7128-420b-a5a2-fc5f5e44e1c1;PostTagProcessingJob;2026-04-14 05:34:32.141098+00;2026-04-14 05:52:58.176863+00;1;"";"
            Суммарное количество протегированных постов: 1500
            Доля успешных обработок постов: 97.60%
            Доля постов с 2-4 тегами: 1.67%
            Доля постов с 1 тегом: 0.73%
            Доля сломанных постов (0 тегов): 0.00%
            Доля протегированных новых постов за два дня: 0.00%
            Среднее время от появления поста до тегирования: 11.1 ч
            БД:           1.14% / ( 12561 мс / 1521 запросов)
            OpenSearch:   0.28% / (  3083 мс /  69 запросов)
            LLM:         95.35% / (1054568 мс / 1500 запросов)
            Среднее время LLM запроса: 703.0 мс"
32ef054e-d22d-44a3-9f9a-239da4a38353;PostTagProcessingJob;2026-04-14 05:07:47.267649+00;2026-04-14 05:34:32.138031+00;1;"";"
            Суммарное количество протегированных постов: 1493
            Доля успешных обработок постов: 97.33%
            Доля постов с 2-4 тегами: 1.40%
            Доля постов с 1 тегом: 0.80%
            Доля сломанных постов (0 тегов): 0.47%
            Доля протегированных новых постов за два дня: 0.00%
            Среднее время от появления поста до тегирования: 38.4 мин
            БД:           0.70% / ( 11271 мс / 1521 запросов)
            OpenSearch:   0.18% / (  2959 мс /  69 запросов)
            LLM:         71.78% / (1151910 мс / 1500 запросов)
            Среднее время LLM запроса: 767.9 мс"
9c13ed13-b49d-46b3-8da5-328bcb63b43d;ClusterCommentTrendProcessingJob;2026-04-14 05:05:39.562467+00;2026-04-14 05:46:22.736138+00;1;"";"Суммарное количество обработанных инфоповодов: 1000
                    Всего проанализировано комментариев: 9333
                    Среднее количество комментариев на инфоповод: 9.33
                    Количество LLM запросов: 405
                    Суммарное время LLM: 1089026 мс
                    Среднее время LLM запроса: 2689.0 мс
                    Доля пустых или слишком коротких трендов (<10 слов): 0.99%"
edc200ea-f65c-42db-84b5-56735724192d;PostMultipleCommentEmotionalAnalysisProcessingJob;2026-04-14 05:01:05.425035+00;2026-04-14 05:48:57.031838+00;1;"";"Суммарное количество обработанных постов: 1184
Среднее количество комментариев на один пост: 10.00
Среднее время LLM запроса (мс): 1929.40
Суммарное время выполнения всех LLM-запросов (мс): 2274766.00 мс
Общее количество выполненных LLM-запросов: 1179"
25897886-0232-413c-a811-4a18c48a2644;PostEmotionalAnalysisProcessingJob;2026-04-14 04:49:37.534941+00;2026-04-14 05:43:40.594464+00;1;"";"Суммарное количество обработанных постов: 1500
                            Доля постов с очень коротким текстом (<5 слов): 469 (31.27%)
                            Среднее время LLM запроса: 1850.9 мс
                            Суммарное время всех LLM запросов: 2769002 мс
                            Общее количество LLM запросов: 1496"
6f0dc905-2b6b-41f8-a3a9-380ad94d05e7;PostTagProcessingJob;2026-04-14 04:47:00.68476+00;2026-04-14 05:07:47.265039+00;1;"";"
            Суммарное количество протегированных постов: 1499
            Доля успешных обработок постов: 97.27%
            Доля постов с 2-4 тегами: 2.13%
            Доля постов с 1 тегом: 0.53%
            Доля сломанных постов (0 тегов): 0.07%
            Доля протегированных новых постов за два дня: 0.00%
            Среднее время от появления поста до тегирования: 9.7 ч
            БД:           0.95% / ( 11829 мс / 1521 запросов)
            OpenSearch:   0.26% / (  3216 мс /  69 запросов)
            LLM:         98.68% / (1230111 мс / 1500 запросов)
            Среднее время LLM запроса: 820.1 мс"
3399097d-b270-421b-a104-597d5620c2fe;ClusterCommentTrendProcessingJob;2026-04-14 04:45:21.396778+00;2026-04-14 05:05:39.425616+00;1;"";"Суммарное количество обработанных инфоповодов: 1000
                    Всего проанализировано комментариев: 9761
                    Среднее количество комментариев на инфоповод: 9.76
                    Количество LLM запросов: 393
                    Суммарное время LLM: 1034940 мс
                    Среднее время LLM запроса: 2633.4 мс
                    Доля пустых или слишком коротких трендов (<10 слов): 1.78%"
aef60e6a-2f9f-475d-b133-a6edb3887a39;TelegramProcessingJob;2026-04-14 04:38:43.565374+00;2026-04-14 05:07:40.057138+00;1;"";"Количество активных источников для сбора: 6 950
Количество полностью обработанных источников: 6 902
Количество источников к которым было подключение: 6 901
Общее количество использованных аккаунтов: 96
Суммарное количество новых постов: 2 591
Суммарное количество всех постов: 236 205
Суммарное количество смен прокси: 0
Количество уникальных прокси: 3
Среднее количество источников на один прокси: 2 375,0
Медианный пинг прокси: 4 мс
Доля источников со сменой прокси: 0,0%"
ed91e959-f89a-4ce1-999b-7b079ed5732f;TelegramPostCommentTrendProcessingJob;2026-04-14 04:31:16.494622+00;2026-04-14 06:16:59.307576+00;1;"";"Суммарное количество обработанных постов: 2000
                    Среднее количество комментариев на один пост: 8.10
                    Общее количество постов для всех отслеживаний:346045
                    Доля пустых или слишком коротких трендов (<10 слов): 75 (3.76%)
                    Среднее время LLM запроса: 2612.7 мс
                    Суммарное время всех LLM запросов: 5207105 мс
                    Общее количество LLM запросов: 1993"
63e7bbeb-a6fe-4b90-a534-a5566c89cc7d;PostTagProcessingJob;2026-04-14 04:26:57.50436+00;2026-04-14 04:47:00.662849+00;1;"";"
            Суммарное количество протегированных постов: 1500
            Доля успешных обработок постов: 98.13%
            Доля постов с 2-4 тегами: 1.40%
            Доля постов с 1 тегом: 0.47%
            Доля сломанных постов (0 тегов): 0.00%
            Доля протегированных новых постов за два дня: 0.00%
            Среднее время от появления поста до тегирования: 13.9 ч
            БД:           1.07% / ( 12884 мс / 1521 запросов)
            OpenSearch:   0.25% / (  3058 мс /  69 запросов)
            LLM:         97.93% / (1178295 мс / 1500 запросов)
            Среднее время LLM запроса: 785.5 мс"
40c54da4-5900-4da4-a747-a8daa78d9bd5;ClusterCommentTrendProcessingJob;2026-04-14 04:26:17.340455+00;2026-04-14 04:45:21.285105+00;1;"";"Суммарное количество обработанных инфоповодов: 1000
                    Всего проанализировано комментариев: 11955
                    Среднее количество комментариев на инфоповод: 11.96
                    Количество LLM запросов: 392
                    Суммарное время LLM: 1030321 мс
                    Среднее время LLM запроса: 2628.4 мс
                    Доля пустых или слишком коротких трендов (<10 слов): 3.83%"
"0cae9a80-6fab-4a6c-8d64-a2bc494e9d50";ClusterMultipleCommentEmotionalAnalysisProcessingJob;2026-04-14 04:21:41.280213+00;2026-04-14 06:12:17.700354+00;1;"";"Суммарное количество обработанных инфоповодов: 2268
                        Среднее количество комментариев: 10.00
                        Среднее время LLM запроса: 2183.2 мс"
8fcff39e-b563-4da5-9356-c911df9c0924;PostMultipleCommentEmotionalAnalysisProcessingJob;2026-04-14 04:19:52.713849+00;2026-04-14 05:01:05.34966+00;1;"";"Суммарное количество обработанных постов: 1078
Среднее количество комментариев на один пост: 10.00
Среднее время LLM запроса (мс): 2224.18
Суммарное время выполнения всех LLM-запросов (мс): 2397664.00 мс
Общее количество выполненных LLM-запросов: 1078"
bbe398ed-5c37-4341-a98d-1934ed2962ba;TelegramPostOpenSearchIndexationJob;2026-04-14 04:12:11.288657+00;2026-04-14 05:59:29.350846+00;1;"";Суммарное количество обработанных постов: 244495
a894f68f-a1b1-4044-b5d2-76d5f30aebf6;PostTagProcessingJob;2026-04-14 04:09:45.690511+00;2026-04-14 04:26:57.500373+00;1;"";"
            Суммарное количество протегированных постов: 1500
            Доля успешных обработок постов: 97.67%
            Доля постов с 2-4 тегами: 1.93%
            Доля постов с 1 тегом: 0.40%
            Доля сломанных постов (0 тегов): 0.00%
            Доля протегированных новых постов за два дня: 0.00%
            Среднее время от появления поста до тегирования: 4.9 ч
            БД:           1.23% / ( 12649 мс / 1521 запросов)
            OpenSearch:   0.29% / (  3025 мс /  69 запросов)
            LLM:         88.92% / (917441 мс / 1500 запросов)
            Среднее время LLM запроса: 611.6 мс"
2a63b1dd-0e05-4b44-a1ad-9b14f9d268f4;ClusterCommentTrendProcessingJob;2026-04-14 04:05:11.923342+00;2026-04-14 04:26:17.190869+00;1;"";"Суммарное количество обработанных инфоповодов: 1000
                    Всего проанализировано комментариев: 10810
                    Среднее количество комментариев на инфоповод: 10.81
                    Количество LLM запросов: 367
                    Суммарное время LLM: 1046555 мс
                    Среднее время LLM запроса: 2851.6 мс
                    Доля пустых или слишком коротких трендов (<10 слов): 1.91%"
6b575561-5c69-4137-a7a0-6a4a722ea5b8;PostTagProcessingJob;2026-04-14 03:50:18.92017+00;2026-04-14 04:09:45.687221+00;1;"";"
            Суммарное количество протегированных постов: 1498
            Доля успешных обработок постов: 97.33%
            Доля постов с 2-4 тегами: 2.27%
            Доля постов с 1 тегом: 0.27%
            Доля сломанных постов (0 тегов): 0.13%
            Доля протегированных новых постов за два дня: 0.00%
            Среднее время от появления поста до тегирования: 7.0 ч
            БД:           1.12% / ( 13082 мс / 1521 запросов)
            OpenSearch:   0.30% / (  3544 мс /  69 запросов)
            LLM:         96.81% / (1129576 мс / 1500 запросов)
            Среднее время LLM запроса: 753.1 мс"
90b089f5-b113-4c9a-be1d-fc15ea847cbc;PostEmotionalAnalysisProcessingJob;2026-04-14 03:48:09.202258+00;2026-04-14 04:49:37.507828+00;1;"";"Суммарное количество обработанных постов: 1500
                            Доля постов с очень коротким текстом (<5 слов): 599 (39.93%)
                            Среднее время LLM запроса: 2128.2 мс
                            Суммарное время всех LLM запросов: 3192344 мс
                            Общее количество LLM запросов: 1500"
fed9bfcc-2f18-4edc-929c-401db9fdf353;ClusterCommentTrendProcessingJob;2026-04-14 03:46:01.569128+00;2026-04-14 04:05:11.807939+00;1;"";"Суммарное количество обработанных инфоповодов: 1000
                    Всего проанализировано комментариев: 8430
                    Среднее количество комментариев на инфоповод: 8.43
                    Количество LLM запросов: 346
                    Суммарное время LLM: 952811 мс
                    Среднее время LLM запроса: 2753.8 мс
                    Доля пустых или слишком коротких трендов (<10 слов): 1.45%"
31e299ae-339d-41f6-a329-cff15fb0261f;TelegramProcessingJob;2026-04-14 03:38:43.565275+00;2026-04-14 04:06:49.011894+00;1;"";"Количество активных источников для сбора: 6 971
Количество полностью обработанных источников: 6 906
Количество источников к которым было подключение: 6 904
Общее количество использованных аккаунтов: 101
Суммарное количество новых постов: 1 541
Суммарное количество всех постов: 235 601
Суммарное количество смен прокси: 0
Количество уникальных прокси: 0
Среднее количество источников на один прокси: 0,0
Медианный пинг прокси: 0 мс
Доля источников со сменой прокси: 0,0%"
e3babc44-45f7-41f1-8d67-3120365513fb;PostMultipleCommentEmotionalAnalysisProcessingJob;2026-04-14 03:36:47.034309+00;2026-04-14 04:19:52.647016+00;1;"";"Суммарное количество обработанных постов: 1029
Среднее количество комментариев на один пост: 10.00
Среднее время LLM запроса (мс): 2448.57
Суммарное время выполнения всех LLM-запросов (мс): 2519580.00 мс
Общее количество выполненных LLM-запросов: 1029"
c90cdb29-d163-4c6c-b724-5ac745a90667;PostTagProcessingJob;2026-04-14 03:30:35.017338+00;2026-04-14 03:50:18.916548+00;1;"";"
            Суммарное количество протегированных постов: 1498
            Доля успешных обработок постов: 97.07%
            Доля постов с 2-4 тегами: 1.80%
            Доля постов с 1 тегом: 1.00%
            Доля сломанных постов (0 тегов): 0.13%
            Доля протегированных новых постов за два дня: 0.00%
            Среднее время от появления поста до тегирования: 2.5 ч
            БД:           1.11% / ( 13139 мс / 1521 запросов)
            OpenSearch:   0.26% / (  3072 мс /  69 запросов)
            LLM:         97.49% / (1154145 мс / 1500 запросов)
            Среднее время LLM запроса: 769.4 мс"
770274e4-ecbd-4419-97f3-775695e2d2e8;ClusterCommentTrendProcessingJob;2026-04-14 03:30:00.338044+00;2026-04-14 03:46:01.487991+00;1;"";"Суммарное количество обработанных инфоповодов: 1000
                    Всего проанализировано комментариев: 6305
                    Среднее количество комментариев на инфоповод: 6.30
                    Количество LLM запросов: 331
                    Суммарное время LLM: 880052 мс
                    Среднее время LLM запроса: 2658.8 мс
                    Доля пустых или слишком коротких трендов (<10 слов): 2.11%"
47a3b22f-e637-4cc0-9d10-e61de4b7260d;ClusterCommentTrendProcessingJob;2026-04-14 03:10:56.396878+00;2026-04-14 03:30:00.191693+00;1;"";"Суммарное количество обработанных инфоповодов: 1000
                    Всего проанализировано комментариев: 6318
                    Среднее количество комментариев на инфоповод: 6.32
                    Количество LLM запросов: 337
                    Суммарное время LLM: 860626 мс
                    Среднее время LLM запроса: 2553.8 мс
                    Доля пустых или слишком коротких трендов (<10 слов): 2.67%"
ca5cfc23-7ed5-455c-ac40-c51df82bbf0a;PostTagProcessingJob;2026-04-14 03:09:39.027886+00;2026-04-14 03:30:35.014443+00;1;"";"
            Суммарное количество протегированных постов: 1500
            Доля успешных обработок постов: 97.87%
            Доля постов с 2-4 тегами: 1.47%
            Доля постов с 1 тегом: 0.67%
            Доля сломанных постов (0 тегов): 0.00%
            Доля протегированных новых постов за два дня: 0.00%
            Среднее время от появления поста до тегирования: 4.7 ч
            БД:           1.26% / ( 15785 мс / 1521 запросов)
            OpenSearch:   0.24% / (  3012 мс /  69 запросов)
            LLM:         97.00% / (1218260 мс / 1500 запросов)
            Среднее время LLM запроса: 812.2 мс"
d6b05c16-095a-469f-abc6-58ab7fa7d3af;PostTagProcessingJob;2026-04-14 02:46:35.055552+00;2026-04-14 03:09:39.02505+00;1;"";"
            Суммарное количество протегированных постов: 1496
            Доля успешных обработок постов: 98.87%
            Доля постов с 2-4 тегами: 0.73%
            Доля постов с 1 тегом: 0.13%
            Доля сломанных постов (0 тегов): 0.27%
            Доля протегированных новых постов за два дня: 0.00%
            Среднее время от появления поста до тегирования: 15.4 ч
            БД:           0.99% / ( 13769 мс / 1520 запросов)
            OpenSearch:   0.23% / (  3188 мс /  69 запросов)
            LLM:         95.08% / (1315837 мс / 1500 запросов)
            Среднее время LLM запроса: 877.2 мс"
9859ae11-a5ab-44be-99ae-0328ff407be6;ClusterCommentTrendProcessingJob;2026-04-14 02:45:49.720866+00;2026-04-14 03:10:56.29823+00;1;"";"Суммарное количество обработанных инфоповодов: 1000
                    Всего проанализировано комментариев: 7127
                    Среднее количество комментариев на инфоповод: 7.13
                    Количество LLM запросов: 362
                    Суммарное время LLM: 1000993 мс
                    Среднее время LLM запроса: 2765.2 мс
                    Доля пустых или слишком коротких трендов (<10 слов): 1.66%"
12369b30-70d6-4b3d-b3dd-d5fa2564248b;TelegramProcessingJob;2026-04-14 02:37:01.926803+00;2026-04-14 03:05:53.485227+00;1;"";"Количество активных источников для сбора: 7 206
Количество полностью обработанных источников: 6 931
Количество источников к которым было подключение: 6 929
Общее количество использованных аккаунтов: 104
Суммарное количество новых постов: 983
Суммарное количество всех постов: 235 726
Суммарное количество смен прокси: 0
Количество уникальных прокси: 0
Среднее количество источников на один прокси: 0,0
Медианный пинг прокси: 0 мс
Доля источников со сменой прокси: 0,0%"
6829d468-8dce-48fe-9de0-b1cff331ebe3;TelegramPostCommentTrendProcessingJob;2026-04-14 02:37:01.246661+00;2026-04-14 04:31:16.220726+00;1;"";"Суммарное количество обработанных постов: 2000
                    Среднее количество комментариев на один пост: 9.52
                    Общее количество постов для всех отслеживаний:345856
                    Доля пустых или слишком коротких трендов (<10 слов): 64 (3.21%)
                    Среднее время LLM запроса: 2754.3 мс
                    Суммарное время всех LLM запросов: 5483734 мс
                    Общее количество LLM запросов: 1991"
63018bc3-d505-4818-9c89-fcbdcee5d2f5;ClusterCommentTrendProcessingJob;2026-04-14 02:29:02.910791+00;2026-04-14 02:45:49.62668+00;1;"";"Суммарное количество обработанных инфоповодов: 1000
                    Всего проанализировано комментариев: 8002
                    Среднее количество комментариев на инфоповод: 8.00
                    Количество LLM запросов: 341
                    Суммарное время LLM: 905318 мс
                    Среднее время LLM запроса: 2654.9 мс
                    Доля пустых или слишком коротких трендов (<10 слов): 2.05%"
a50b0b2a-cde8-461a-b54a-567a20466e6b;PostTagProcessingJob;2026-04-14 02:26:14.606563+00;2026-04-14 02:46:35.045341+00;1;"";"
            Суммарное количество протегированных постов: 1500
            Доля успешных обработок постов: 99.80%
            Доля постов с 2-4 тегами: 0.13%
            Доля постов с 1 тегом: 0.07%
            Доля сломанных постов (0 тегов): 0.00%
            Доля протегированных новых постов за два дня: 0.00%
            Среднее время от появления поста до тегирования: 15.3 ч
            БД:           1.94% / ( 23730 мс / 1520 запросов)
            OpenSearch:   0.24% / (  2892 мс /  69 запросов)
            LLM:         96.74% / (1180607 мс / 1500 запросов)
            Среднее время LLM запроса: 787.1 мс"
779ba18b-88ea-4c51-8714-b0e96ac21c36;ClusterMultipleCommentEmotionalAnalysisProcessingJob;2026-04-14 02:21:41.301442+00;2026-04-14 04:09:18.104666+00;1;"";"Суммарное количество обработанных инфоповодов: 2267
                        Среднее количество комментариев: 10.00
                        Среднее время LLM запроса: 2204.8 мс"
55ea11d5-6ae0-4853-ba92-9a004c54ccda;PostEmotionalAnalysisProcessingJob;2026-04-14 02:15:47.871491+00;2026-04-14 03:48:09.189595+00;1;"";"Суммарное количество обработанных постов: 1911
                            Доля постов с очень коротким текстом (<5 слов): 517 (27.05%)
                            Среднее время LLM запроса: 2148.7 мс
                            Суммарное время всех LLM запросов: 4084676 мс
                            Общее количество LLM запросов: 1901"
866ada57-2178-4aa7-83b4-9ca37798b2cf;ClusterCommentTrendProcessingJob;2026-04-14 02:12:35.667762+00;2026-04-14 02:29:02.828653+00;1;"";"Суммарное количество обработанных инфоповодов: 1000
                    Всего проанализировано комментариев: 7648
                    Среднее количество комментариев на инфоповод: 7.65
                    Количество LLM запросов: 332
                    Суммарное время LLM: 877051 мс
                    Среднее время LLM запроса: 2641.7 мс
                    Доля пустых или слишком коротких трендов (<10 слов): 1.20%"
"0d77a6ab-3c92-4599-ab5b-0874277edbfa";PostTagProcessingJob;2026-04-14 02:08:41.755334+00;2026-04-14 02:26:14.60354+00;1;"";"
            Суммарное количество протегированных постов: 1499
            Доля успешных обработок постов: 99.20%
            Доля постов с 2-4 тегами: 0.67%
            Доля постов с 1 тегом: 0.07%
            Доля сломанных постов (0 тегов): 0.07%
            Доля протегированных новых постов за два дня: 0.00%
            Среднее время от появления поста до тегирования: 15.0 ч
            БД:           1.35% / ( 14187 мс / 1520 запросов)
            OpenSearch:   0.28% / (  2933 мс /  69 запросов)
            LLM:         93.75% / (987014 мс / 1500 запросов)
            Среднее время LLM запроса: 658.0 мс"
cb51de46-5b3f-4126-9b3c-a9e5cee7b2ed;TelegramPostOpenSearchIndexationJob;2026-04-14 02:02:11.280296+00;2026-04-14 03:50:10.777753+00;1;"";Суммарное количество обработанных постов: 240577
bed2c052-ed54-45b6-a042-4aa162e4afc4;ClusterCommentTrendProcessingJob;2026-04-14 01:53:00.700285+00;2026-04-14 02:12:35.515532+00;1;"";"Суммарное количество обработанных инфоповодов: 1000
                    Всего проанализировано комментариев: 7838
                    Среднее количество комментариев на инфоповод: 7.84
                    Количество LLM запросов: 329
                    Суммарное время LLM: 934315 мс
                    Среднее время LLM запроса: 2839.9 мс
                    Доля пустых или слишком коротких трендов (<10 слов): 1.22%"
c3df5d7d-21bb-4630-a9b5-2938e112c42b;PostTagProcessingJob;2026-04-14 01:51:53.949419+00;2026-04-14 02:08:41.752537+00;1;"";"
            Суммарное количество протегированных постов: 1500
            Доля успешных обработок постов: 99.07%
            Доля постов с 2-4 тегами: 0.73%
            Доля постов с 1 тегом: 0.20%
            Доля сломанных постов (0 тегов): 0.00%
            Доля протегированных новых постов за два дня: 0.00%
            Среднее время от появления поста до тегирования: 14.4 ч
            БД:           1.35% / ( 13611 мс / 1520 запросов)
            OpenSearch:   0.33% / (  3365 мс /  69 запросов)
            LLM:         96.33% / (970819 мс / 1500 запросов)
            Среднее время LLM запроса: 647.2 мс"
18200e4e-1826-4763-8842-bd0e5b138b76;ClusterCommentTrendProcessingJob;2026-04-14 01:33:05.258048+00;2026-04-14 01:52:14.207589+00;1;"";"Суммарное количество обработанных инфоповодов: 1000
                    Всего проанализировано комментариев: 7928
                    Среднее количество комментариев на инфоповод: 7.93
                    Количество LLM запросов: 367
                    Суммарное время LLM: 1004147 мс
                    Среднее время LLM запроса: 2736.1 мс
                    Доля пустых или слишком коротких трендов (<10 слов): 1.63%"
ae044ec3-5ca5-40e5-b1d5-8745fd01f175;PostTagProcessingJob;2026-04-14 01:31:45.556099+00;2026-04-14 01:51:53.937359+00;1;"";"
            Суммарное количество протегированных постов: 1500
            Доля успешных обработок постов: 99.07%
            Доля постов с 2-4 тегами: 0.87%
            Доля постов с 1 тегом: 0.07%
            Доля сломанных постов (0 тегов): 0.00%
            Доля протегированных новых постов за два дня: 0.00%
            Среднее время от появления поста до тегирования: 14.3 ч
            БД:           1.11% / ( 13458 мс / 1520 запросов)
            OpenSearch:   0.25% / (  3061 мс /  69 запросов)
            LLM:         96.49% / (1165962 мс / 1500 запросов)
            Среднее время LLM запроса: 777.3 мс"
9fa75990-4cc6-410c-a160-19e4b871d1be;TelegramProcessingJob;2026-04-14 01:30:39.757968+00;2026-04-14 01:58:20.892804+00;1;"";"Количество активных источников для сбора: 7 264
Количество полностью обработанных источников: 6 936
Количество источников к которым было подключение: 6 935
Общее количество использованных аккаунтов: 85
Суммарное количество новых постов: 1 002
Суммарное количество всех постов: 235 724
Суммарное количество смен прокси: 0
Количество уникальных прокси: 0
Среднее количество источников на один прокси: 0,0
Медианный пинг прокси: 0 мс
Доля источников со сменой прокси: 0,0%"
aade7e31-1dda-48ee-af29-64008dfa524e;PostEmotionalAnalysisProcessingJob;2026-04-14 01:24:46.491916+00;2026-04-14 02:15:47.840313+00;1;"";"Суммарное количество обработанных постов: 1500
                            Доля постов с очень коротким текстом (<5 слов): 675 (45.00%)
                            Среднее время LLM запроса: 1990.4 мс
                            Суммарное время всех LLM запросов: 2985609 мс
                            Общее количество LLM запросов: 1500"
3f50b3a1-19fc-44af-9b12-d3018f2bf9e9;TelegramPostCommentTrendProcessingJob;2026-04-14 01:23:46.644361+00;2026-04-14 02:37:01.065864+00;1;"";"Суммарное количество обработанных постов: 1409
                    Среднее количество комментариев на один пост: 8.63
                    Общее количество постов для всех отслеживаний:345498
                    Доля пустых или слишком коротких трендов (<10 слов): 47 (3.34%)
                    Среднее время LLM запроса: 2645.9 мс
                    Суммарное время всех LLM запросов: 3728007 мс
                    Общее количество LLM запросов: 1409"
152826c2-e521-447d-894f-98a94f8bf3e1;PostTagProcessingJob;2026-04-14 01:14:11.193548+00;2026-04-14 01:31:45.463811+00;1;"";"
            Суммарное количество протегированных постов: 1500
            Доля успешных обработок постов: 99.13%
            Доля постов с 2-4 тегами: 0.80%
            Доля постов с 1 тегом: 0.07%
            Доля сломанных постов (0 тегов): 0.00%
            Доля протегированных новых постов за два дня: 0.00%
            Среднее время от появления поста до тегирования: 13.7 ч
            БД:           1.25% / ( 13222 мс / 1520 запросов)
            OpenSearch:   0.28% / (  2921 мс /  69 запросов)
            LLM:         95.88% / (1010825 мс / 1500 запросов)
            Среднее время LLM запроса: 673.9 мс"
18998f11-31bc-43dd-b5a7-173763a7fd2b;ClusterCommentTrendProcessingJob;2026-04-14 01:10:23.61973+00;2026-04-14 01:32:15.387371+00;1;"";"Суммарное количество обработанных инфоповодов: 1000
                    Всего проанализировано комментариев: 8810
                    Среднее количество комментариев на инфоповод: 8.81
                    Количество LLM запросов: 398
                    Суммарное время LLM: 999449 мс
                    Среднее время LLM запроса: 2511.2 мс
                    Доля пустых или слишком коротких трендов (<10 слов): 2.01%"
2e7cf9a5-bd60-497d-8457-9556cec412ca;PostTagProcessingJob;2026-04-14 00:53:43.711596+00;2026-04-14 01:14:11.18982+00;1;"";"
            Суммарное количество протегированных постов: 1500
            Доля успешных обработок постов: 99.47%
            Доля постов с 2-4 тегами: 0.20%
            Доля постов с 1 тегом: 0.33%
            Доля сломанных постов (0 тегов): 0.00%
            Доля протегированных новых постов за два дня: 0.00%
            Среднее время от появления поста до тегирования: 13.8 ч
            БД:           1.26% / ( 15472 мс / 1520 запросов)
            OpenSearch:   0.26% / (  3158 мс /  69 запросов)
            LLM:         97.69% / (1199108 мс / 1500 запросов)
            Среднее время LLM запроса: 799.4 мс"
2046771e-6cce-4e9f-b6af-6559a18893cd;PostTagProcessingJob;2026-04-14 00:32:23.650156+00;2026-04-14 00:53:43.708973+00;1;"";"
            Суммарное количество протегированных постов: 1500
            Доля успешных обработок постов: 99.53%
            Доля постов с 2-4 тегами: 0.40%
            Доля постов с 1 тегом: 0.07%
            Доля сломанных постов (0 тегов): 0.00%
            Доля протегированных новых постов за два дня: 0.00%
            Среднее время от появления поста до тегирования: 13.4 ч
            БД:           1.37% / ( 17577 мс / 1520 запросов)
            OpenSearch:   0.25% / (  3229 мс /  69 запросов)
            LLM:         95.52% / (1222671 мс / 1500 запросов)
            Среднее время LLM запроса: 815.1 мс"
9048d9f9-1df9-4b4e-9d7c-6163abad7d7c;ClusterCommentTrendProcessingJob;2026-04-14 00:26:40.239233+00;2026-04-14 01:10:23.2268+00;1;"";"Суммарное количество обработанных инфоповодов: 1000
                    Всего проанализировано комментариев: 14016
                    Среднее количество комментариев на инфоповод: 14.02
                    Количество LLM запросов: 425
                    Суммарное время LLM: 1132810 мс
                    Среднее время LLM запроса: 2665.4 мс
                    Доля пустых или слишком коротких трендов (<10 слов): 1.65%"
38229b72-e9cf-4d88-b2b9-3bca29cc5b70;TelegramProcessingJob;2026-04-14 00:23:53.646566+00;2026-04-14 00:52:42.448627+00;1;"";"Количество активных источников для сбора: 7 269
Количество полностью обработанных источников: 6 943
Количество источников к которым было подключение: 6 942
Общее количество использованных аккаунтов: 85
Суммарное количество новых постов: 895
Суммарное количество всех постов: 235 911
Суммарное количество смен прокси: 0
Количество уникальных прокси: 0
Среднее количество источников на один прокси: 0,0
Медианный пинг прокси: 0 мс
Доля источников со сменой прокси: 0,0%"
eff7507e-1766-408e-be4d-1b2873e3c77d;ClusterMultipleCommentEmotionalAnalysisProcessingJob;2026-04-14 00:21:41.307099+00;2026-04-14 01:57:43.144385+00;1;"";"Суммарное количество обработанных инфоповодов: 2243
                        Среднее количество комментариев: 10.00
                        Среднее время LLM запроса: 2170.4 мс"
1745a32b-ccd5-407f-a139-3964433809c3;PostTagProcessingJob;2026-04-14 00:13:15.292491+00;2026-04-14 00:32:23.643423+00;1;"";"
            Суммарное количество протегированных постов: 1500
            Доля успешных обработок постов: 98.93%
            Доля постов с 2-4 тегами: 0.73%
            Доля постов с 1 тегом: 0.33%
            Доля сломанных постов (0 тегов): 0.00%
            Доля протегированных новых постов за два дня: 0.00%
            Среднее время от появления поста до тегирования: 13.0 ч
            БД:           1.15% / ( 13179 мс / 1520 запросов)
            OpenSearch:   0.26% / (  2956 мс /  69 запросов)
            LLM:         96.22% / (1104959 мс / 1500 запросов)
            Среднее время LLM запроса: 736.6 мс"
41bc2060-6758-401a-8c8f-acbc9ddfecbc;PostEmotionalAnalysisProcessingJob;2026-04-14 00:12:43.366271+00;2026-04-14 01:24:46.472439+00;1;"";"Суммарное количество обработанных постов: 1981
                            Доля постов с очень коротким текстом (<5 слов): 509 (25.69%)
                            Среднее время LLM запроса: 2079.2 мс
                            Суммарное время всех LLM запросов: 4118945 мс
                            Общее количество LLM запросов: 1981"
a8fc6395-a8d5-4602-aa80-999683964bad;TelegramPostOpenSearchIndexationJob;2026-04-14 00:02:11.285517+00;2026-04-14 01:41:16.571506+00;1;"";Суммарное количество обработанных постов: 240900
